display_id,patient,region,n_channels,perm_imp_pic,perm_imp_aud,perm_imp_pic_per_ch,perm_imp_aud_per_ch,p_pic,p_aud,q_pic,q_aud,group,jac_sens_pic,jac_sens_aud,cov_nc_pic,cov_nc_aud,wb_imp_pic,wb_imp_aud,wb_p_pic,wb_p_aud,frac_wb_pic,frac_wb_aud
NUE041,AA,pFus,4,0.0916874810688679,0.0672944444444444,0.0229218702672169,0.0168236111111111,0.0369731800766283,0.306896551724138,0.4806513409961686,0.6413793103448275,neither,5.620850542889855,5.464267335340114,6.529093588494749,2.070760396694011,0.1478196171782258,0.1174833333333333,0.0380597014925373,0.317910447761194,0.6202659891773397,0.5727999243391497
NUE041,AA,aFus,6,0.0403571058424952,0.0322499999999999,0.0067261843070825,0.0053749999999999,0.1285440613026819,0.3789272030651341,0.5352490421455938,0.6413793103448275,neither,7.918560527680773,7.74470813323462,4.524888301243324,2.9979907982949348,0.1478196171782258,0.1174833333333333,0.0380597014925373,0.317910447761194,0.2730159001415677,0.2745070222726627
NUE041,AA,pITG,4,0.0085237597834815,-0.0070944444444444,0.0021309399458703,-0.0017736111111111,0.3591954022988506,0.5475095785440612,0.5352490421455938,0.6413793103448275,neither,4.851188182617124,4.744247306548481,2.204575097314059,2.3378811523527263,0.1478196171782258,0.1174833333333333,0.0380597014925373,0.317910447761194,0.0576632516454464,-0.0603868160968458
NUE041,AA,aITG,5,0.0044231906421104,0.0074722222222222,0.000884638128422,0.0014944444444444,0.4318007662835249,0.5260536398467432,0.5352490421455938,0.6413793103448275,neither,5.15127509660036,5.064484717744669,1.2359196040085825,1.26600269829252,0.1478196171782258,0.1174833333333333,0.0380597014925373,0.317910447761194,0.0299228933652112,0.0636024022319951
NUE041,AA,parahippocampal,4,0.0043712246046934,0.0108166666666666,0.0010928061511733,0.0027041666666666,0.4279693486590037,0.4490421455938699,0.5352490421455938,0.6413793103448275,neither,4.995806557586176,4.908002491092951,1.384659480193822,2.443348130838801,0.1478196171782258,0.1174833333333333,0.0380597014925373,0.317910447761194,0.0295713430202101,0.0920697971343453
NUE041,AA,temporal pole,7,0.0043108869212179,0.0209444444444444,0.0006158409887454,0.0029920634920634,0.4155172413793103,0.4385057471264367,0.5352490421455938,0.6413793103448275,neither,3.812218385999648,3.720979424079801,1.222075720214284,3.162229441779779,0.1478196171782258,0.1174833333333333,0.0380597014925373,0.317910447761194,0.029163158473211,0.1782758783751832
NUE041,AA,cingulate,2,0.0028952864701665,0.00575,0.0014476432350832,0.002875,0.4415708812260536,0.5105363984674329,0.5352490421455938,0.6413793103448275,neither,2.2719193871482912,2.218412495304648,0.5992995019868808,0.8723814254925245,0.1478196171782258,0.1174833333333333,0.0380597014925373,0.317910447761194,0.0195866186466693,0.0489431124982267
NUE041,AA,pMTG,3,0.002284349799944,0.0096944444444444,0.0007614499333146,0.0032314814814814,0.4647509578544062,0.4408045977011494,0.5352490421455938,0.6413793103448275,neither,3.334019987004614,3.26146100049921,1.084175696062177,1.5605797579707523,0.1478196171782258,0.1174833333333333,0.0380597014925373,0.317910447761194,0.0154536308749184,0.0825176147916962
NUE041,AA,pSTG,5,0.002051897708305,0.0288555555555555,0.000410379541661,0.0057711111111111,0.4699233716475096,0.3722222222222223,0.5352490421455938,0.6413793103448275,neither,6.020249194833008,5.891091878363145,1.1142649243336789,2.7075734864894403,0.1478196171782258,0.1174833333333333,0.0380597014925373,0.317910447761194,0.0138810920192753,0.2456140350877194
NUE041,AA,insula,6,0.0008004257873504,0.0038888888888889,0.0001334042978917,0.0006481481481481,0.5030651340996168,0.4984674329501916,0.5352490421455938,0.6413793103448275,neither,6.567314702042178,6.430259650055527,1.253414784369025,1.8477318288575515,0.1478196171782258,0.1174833333333333,0.0380597014925373,0.317910447761194,0.0054148820206006,0.0331016219794771
NUE041,AA,aMTG,14,-0.0005394827243348,-0.0021222222222222,-3.853448030963273e-05,-0.0001515873015873,0.5088122605363985,0.471647509578544,0.5352490421455938,0.6413793103448275,neither,12.917864899211295,12.671421457027828,2.4230868998549737,4.552669682331821,0.1478196171782258,0.1174833333333333,0.0380597014925373,0.317910447761194,-0.0036496016877408,-0.0180640279945145
NUE041,AA,entorhinal,1,-0.0005816353120085,-0.0108888888888888,-0.0005816353120085,-0.0108888888888888,0.5103448275862069,0.6413793103448275,0.5352490421455938,0.6413793103448275,neither,0.961053983968422,0.9386809058304808,0.1841902411057138,0.5268943669347208,0.1478196171782258,0.1174833333333333,0.0380597014925373,0.317910447761194,-0.0039347640259904,-0.0926845415425355
NUE041,AA,aSTG,2,-0.002562083986992,-0.0033888888888888,-0.001281041993496,-0.0016944444444444,0.5352490421455938,0.6059386973180076,0.5352490421455938,0.6413793103448275,neither,1.6427119788333666,1.6071564364115076,0.508548837318774,0.592856100236298,0.1478196171782258,0.1174833333333333,0.0380597014925373,0.317910447761194,-0.0173325031947749,-0.0288456991535442
NUE044,AZ,aFus,3,0.0321192601392181,0.0139568302068302,0.010706420046406,0.00465227673561,0.0733830845771144,0.4029850746268655,0.4776119402985075,0.5335820895522388,neither,5.0395029312131046,5.139576990602154,2.44676109811014,0.7542851421464639,0.0660263472247972,0.0725804473304473,0.0532338308457711,0.271641791044776,0.4864612611366039,0.1922946292034679
NUE044,AZ,aMTG,16,0.0170715581741691,0.0459301578051577,0.0010669723858855,0.0028706348628223,0.2763681592039802,0.2504975124378109,0.4776119402985075,0.5335820895522388,neither,22.52631421832269,22.963452392641376,4.286476263219024,6.110516787194541,0.0660263472247972,0.0725804473304473,0.0532338308457711,0.271641791044776,0.2585567563816052,0.6328172323882908
NUE044,AZ,aSTG,3,0.0132043984896717,0.0121736411736411,0.0044014661632239,0.0040578803912137,0.2554726368159204,0.4199004975124378,0.4776119402985075,0.5335820895522388,neither,4.26956277533371,4.353777267761798,1.4930431069892591,1.110258077192158,0.0660263472247972,0.0725804473304473,0.0532338308457711,0.271641791044776,0.1999868089736242,0.1677261800029491
NUE044,AZ,cingulate,2,0.008416626742624,0.0061824194324194,0.004208313371312,0.0030912097162097,0.3286069651741293,0.4611940298507463,0.4776119402985075,0.5335820895522388,neither,3.2444926287804643,3.307324076057025,1.1994497428057107,0.6688848024562538,0.0660263472247972,0.0725804473304473,0.0532338308457711,0.271641791044776,0.1274737600426126,0.0851802332420445
NUE044,AZ,aITG,4,0.0074359813729856,0.0040883838383838,0.0018589953432464,0.0010220959595959,0.3509950248756218,0.4567164179104477,0.4776119402985075,0.5335820895522388,neither,5.547429496733294,5.655102736758698,1.1668664064474497,1.610979011183085,0.0660263472247972,0.0725804473304473,0.0532338308457711,0.271641791044776,0.1126214259236336,0.056328997529735
NUE044,AZ,temporal pole,8,0.0062468748577876,0.0013597698597698,0.0007808593572234,0.0001699712324712,0.3796019900497512,0.4925373134328357,0.4776119402985075,0.5335820895522388,neither,10.055249480031938,10.252575223990972,1.8676050089766412,1.9345490916435248,0.0660263472247972,0.0725804473304473,0.0532338308457711,0.271641791044776,0.0946118499713324,0.0187346580213131
NUE044,AZ,pSTG,3,0.0043015804960762,0.0240604256854256,0.0014338601653587,0.0080201418951418,0.4074626865671643,0.3430348258706467,0.4776119402985075,0.5335820895522388,neither,4.793126881071538,4.889349578674089,0.3795833304963177,1.4273971611690457,0.0660263472247972,0.0725804473304473,0.0532338308457711,0.271641791044776,0.0651494543750969,0.3315001018922129
NUE044,AZ,insula,3,0.0033570596733222,-0.0015687414437414,0.0011190198911074,-0.0005229138145804,0.4211442786069651,0.5335820895522388,0.4776119402985075,0.5335820895522388,neither,4.783122655143767,4.878476924816954,0.6078274946964631,1.119873631179953,0.0660263472247972,0.0725804473304473,0.0532338308457711,0.271641791044776,0.0508442434637885,-0.0216138299148144
NUE044,AZ,entorhinal,2,0.0025281354893938,0.0035844757094757,0.0012640677446969,0.0017922378547378,0.4427860696517413,0.4694029850746269,0.4776119402985075,0.5335820895522388,neither,2.9457091150564656,3.002816125996071,0.2791322895260039,0.5266788154947385,0.0660263472247972,0.0725804473304473,0.0532338308457711,0.271641791044776,0.0382897978709382,0.0493862443855733
NUE044,AZ,parahippocampal,1,0.0008833437013994,0.01016348003848,0.0008833437013994,0.01016348003848,0.4776119402985075,0.404726368159204,0.4776119402985075,0.5335820895522388,neither,1.553716186942156,1.586017557146029,0.2539413228465268,0.4095396821173068,0.0660263472247972,0.0725804473304473,0.0532338308457711,0.271641791044776,0.0133786547117613,0.1400305510960455
NUE045,DR,aFus,2,0.009288157685701,0.0144444444444444,0.0046440788428505,0.0072222222222222,0.3970588235294118,0.4966063348416289,0.5368778280542986,0.559502262443439,neither,3.3886761959129883,3.464832376308535,0.4015548684004934,1.2255423787514272,0.025864188793514,0.0754166666666666,0.3298507462686567,0.3432835820895522,0.3591126619068853,0.1915285451197053
NUE045,DR,aMTG,10,0.0089948409823584,0.029111111111111,0.0008994840982358,0.0029111111111111,0.4054298642533936,0.3938914027149321,0.5368778280542986,0.559502262443439,neither,13.698164210091326,14.008894668470829,1.8023981321366016,7.503790129123776,0.025864188793514,0.0754166666666666,0.3298507462686567,0.3432835820895522,0.3477720122664003,0.3860036832412521
NUE045,DR,parahippocampal,3,0.0073253018088339,0.0189444444444444,0.0024417672696113,0.0063148148148148,0.420814479638009,0.4147058823529412,0.5368778280542986,0.559502262443439,neither,5.786494438479294,5.920295601935899,0.9444599385733592,1.4413567276400987,0.025864188793514,0.0754166666666666,0.3298507462686567,0.3432835820895522,0.2832217885244851,0.2511970534069981
NUE045,DR,supramarginal,5,0.0056124117390421,0.0111666666666666,0.0011224823478084,0.0022333333333333,0.4574660633484163,0.506108597285068,0.5368778280542986,0.559502262443439,neither,9.358663346085454,9.565842515708985,0.8546202184180933,2.8800271663243207,0.025864188793514,0.0754166666666666,0.3298507462686567,0.3432835820895522,0.2169954675110301,0.1480662983425414
NUE045,DR,pFus,4,0.0054347319402418,0.0048333333333333,0.0013586829850604,0.0012083333333333,0.4540723981900452,0.4920814479638008,0.5368778280542986,0.559502262443439,neither,7.474280134161252,7.64686731445517,1.6193691352070112,1.3491908667405932,0.025864188793514,0.0754166666666666,0.3298507462686567,0.3432835820895522,0.2101257450457795,0.0640883977900552
NUE045,DR,entorhinal,1,0.0032943091832113,0.0064444444444444,0.0032943091832113,0.0064444444444444,0.4667420814479638,0.559502262443439,0.5368778280542986,0.559502262443439,neither,1.3122227247599385,1.3408336771566731,0.261317383089013,0.4780551960167323,0.025864188793514,0.0754166666666666,0.3298507462686567,0.3432835820895522,0.1273695150275679,0.0854511970534069
NUE045,DR,temporal pole,7,0.0021205122638968,-0.0095555555555555,0.0003029303234138,-0.0013650793650793,0.4649321266968325,0.5407239819004526,0.5368778280542986,0.559502262443439,neither,8.570775000389984,8.759500549907152,1.5073797759340817,3.13401560293106,0.025864188793514,0.0754166666666666,0.3298507462686567,0.3432835820895522,0.0819864207157604,-0.1267034990791898
NUE045,DR,pITG,6,0.0014779641892999,0.0093611111111111,0.0002463273648833,0.0015601851851851,0.4959276018099549,0.4296380090497737,0.5368778280542986,0.559502262443439,neither,10.468796311118826,10.714294487363166,1.0546410033573808,2.5619928478327885,0.025864188793514,0.0754166666666666,0.3298507462686567,0.3432835820895522,0.0571432648090858,0.1241252302025781
NUE045,DR,pMTG,4,0.0014254497001185,0.0097777777777777,0.0003563624250296,0.0024444444444444,0.4943438914027149,0.4097285067873303,0.5368778280542986,0.559502262443439,neither,6.059216626036908,6.198231683993225,0.6414095148534921,2.151827835303441,0.025864188793514,0.0754166666666666,0.3298507462686567,0.3432835820895522,0.0551128709853827,0.1296500920810314
NUE045,DR,cingulate,5,0.0009070099061379,0.0066944444444444,0.0001814019812275,0.0013388888888888,0.4812217194570135,0.4794117647058824,0.5368778280542986,0.559502262443439,neither,6.979506382617124,7.134372414303099,0.7068867457143667,2.818097603948193,0.025864188793514,0.0754166666666666,0.3298507462686567,0.3432835820895522,0.0350681752820113,0.0887661141804788
NUE045,DR,insula,2,1.752174368020859e-05,0.0145277777777777,8.760871840104296e-06,0.0072638888888888,0.5368778280542986,0.4884615384615384,0.5368778280542986,0.559502262443439,neither,3.495373891721852,3.575438787181708,0.2245110758308878,0.6895621162938587,0.025864188793514,0.0754166666666666,0.3298507462686567,0.3432835820895522,0.000677451893817,0.1926335174953958
NUE047,KAW,aFus,4,0.0206036495030492,0.0218637854520207,0.0051509123757623,0.0054659463630051,0.2223602484472049,0.2906832298136646,0.5711180124223602,0.5229813664596273,neither,9.584678423458096,9.434708048483014,2.1866881398076776,1.0086896993603722,0.0362950778450303,0.0384307189270424,0.1987562189054726,0.3057213930348258,0.5676706244031484,0.5689142972716001
NUE047,KAW,aMTG,19,0.0066173462545021,0.0224262140365081,0.0003482813818159,0.001180327054553,0.4186335403726707,0.3161490683229813,0.5711180124223602,0.5229813664596273,neither,34.27226818133339,33.791863197568674,7.337374492697148,4.582014735971807,0.0362950778450303,0.0384307189270424,0.1987562189054726,0.3057213930348258,0.1823207621362975,0.5835491675053611
NUE047,KAW,insula,5,0.0026085038492709,-0.0029389712955889,0.0005217007698541,-0.0005877942591177,0.4981366459627329,0.5229813664596273,0.5711180124223602,0.5229813664596273,neither,11.822733140182685,11.653832554657733,1.0144652491628878,1.2882309431828682,0.0362950778450303,0.0384307189270424,0.1987562189054726,0.3057213930348258,0.0718693554098042,-0.0764745333327834
NUE047,KAW,parahippocampal,2,0.0025529177631857,0.0054047764599235,0.0012764588815928,0.0027023882299617,0.4642857142857142,0.4493788819875776,0.5711180124223602,0.5229813664596273,neither,5.043480369164197,4.969704872547539,0.9059808035590914,0.3515184783389552,0.0362950778450303,0.0384307189270424,0.1987562189054726,0.3057213930348258,0.0703378506056921,0.1406368814016737
NUE047,KAW,aITG,1,8.727962223406411e-05,-0.001075939719322,8.727962223406411e-05,-0.001075939719322,0.5018633540372671,0.5099378881987577,0.5711180124223602,0.5229813664596273,neither,2.273254165425665,2.242469309632645,0.1327025706963148,0.2516643461203686,0.0362950778450303,0.0384307189270424,0.1987562189054726,0.3057213930348258,0.0024047233789309,-0.0279968668128392
NUE047,KAW,temporal pole,10,-0.0018157029662501,0.0093135111076287,-0.000181570296625,0.0009313511107628,0.5385093167701864,0.424223602484472,0.5711180124223602,0.5229813664596273,neither,12.610587149404358,12.463563341918546,4.4369744086403085,2.0496458642903703,0.0362950778450303,0.0384307189270424,0.1987562189054726,0.3057213930348258,-0.05002614883491,0.2423454821469692
NUE047,KAW,entorhinal,3,-0.0031383505462483,0.0063438647409235,-0.0010461168487494,0.0021146215803078,0.5711180124223602,0.4375776397515528,0.5711180124223602,0.5229813664596273,neither,4.070939429088609,4.016926573733401,0.999260993767728,0.7543128961253854,0.0362950778450303,0.0384307189270424,0.1987562189054726,0.3057213930348258,-0.0864676626304033,0.1650727573680542
NUE047,KAW,aSTG,2,-0.0037588565422131,0.0092106126444361,-0.0018794282711065,0.004605306322218,0.5695652173913044,0.4055900621118012,0.5711180124223602,0.5229813664596273,neither,4.041698341631355,3.990660152622035,0.3324541117365795,1.1681319331579578,0.0362950778450303,0.0384307189270424,0.1987562189054726,0.3057213930348258,-0.1035638098990272,0.2396679765976214
NUE038,LH,superior parietal,11,0.0197512048844164,0.0186119008438802,0.0017955640804014,0.0016919909858072,0.1309128630705394,0.3323651452282157,0.5800829875518673,0.6062240663900416,neither,10.938802296000537,10.744461863984156,5.608636543394287,3.5603861386536755,0.0555135615238578,0.0742135401136107,0.0624378109452736,0.1567164179104477,0.3557906274114314,0.2507884789674225
NUE038,LH,precuneus,15,0.0122060286348096,0.0125058472133027,0.0008137352423206,0.0008337231475535,0.2593360995850622,0.3925311203319502,0.5800829875518673,0.6062240663900416,neither,13.927575884144249,13.679303561498497,7.664134041991012,6.213575773989509,0.0555135615238578,0.0742135401136107,0.0624378109452736,0.1567164179104477,0.2198747170916762,0.1685116650433067
NUE038,LH,pMTG,14,0.010489832007192,0.0189914385601809,0.0007492737147994,0.0013565313257272,0.2941908713692945,0.2908713692946058,0.5800829875518673,0.6062240663900416,neither,12.552936165296632,12.329479545165317,5.222987717570833,5.291476424063692,0.0555135615238578,0.0742135401136107,0.0624378109452736,0.1567164179104477,0.1889598094455508,0.255902609296197
NUE038,LH,pITG,1,0.0039891489382205,-0.0001394315985361,0.0039891489382205,-0.0001394315985361,0.4112033195020745,0.5089211618257262,0.5800829875518673,0.6062240663900416,neither,0.9771889977931696,0.957421676674622,0.7570168960754027,0.2584530799010992,0.0555135615238578,0.0742135401136107,0.0624378109452736,0.1567164179104477,0.071858998571118,-0.0018787892118159
NUE038,LH,parahippocampal,2,0.0019518208681288,-0.0020354441070637,0.0009759104340644,-0.0010177220535318,0.475103734439834,0.5278008298755187,0.5800829875518673,0.6062240663900416,neither,1.7994442256135752,1.7672832693632003,1.0433325593236635,0.7207134909803323,0.0555135615238578,0.0742135401136107,0.0624378109452736,0.1567164179104477,0.0351593523195237,-0.0274268563923482
NUE038,LH,cingulate,1,0.0008777984487456,-0.0030143568706884,0.0008777984487456,-0.0030143568706884,0.4927385892116181,0.5614107883817427,0.5800829875518673,0.6062240663900416,neither,0.8389527097467203,0.8254275309638329,0.3602571178290321,0.3957929691157401,0.0555135615238578,0.0742135401136107,0.0624378109452736,0.1567164179104477,0.0158123244960315,-0.0406173437633335
NUE038,LH,angular,5,0.000262938995854,0.00229966958317,5.2587799170802366e-05,0.000459933916634,0.5074688796680498,0.4533195020746888,0.5800829875518673,0.6062240663900416,neither,3.765291339792528,3.696018905304924,0.8852092033554484,1.0677984968623864,0.0555135615238578,0.0742135401136107,0.0624378109452736,0.1567164179104477,0.0047364821970755,0.0309871969407411
NUE038,LH,supramarginal,5,-9.503480375011586e-06,-0.0092905199344659,-1.9006960750023168e-06,-0.0018581039868931,0.5074688796680498,0.6062240663900416,0.5800829875518673,0.6062240663900416,neither,4.596178443637814,4.514301560213244,1.263518043354483,1.1836218007525894,0.0555135615238578,0.0742135401136107,0.0624378109452736,0.1567164179104477,-0.0001711920495486,-0.1251863193730341
NUE038,LH,pFus,2,-0.0001846428650204,-0.0028436493538542,-9.232143251022424e-05,-0.0014218246769271,0.5101659751037345,0.5477178423236515,0.5800829875518673,0.6062240663900416,neither,1.8979894438988647,1.8648388222801155,1.0585583150227709,0.9538247033987042,0.0555135615238578,0.0742135401136107,0.0624378109452736,0.1567164179104477,-0.0033260857338633,-0.038317123122021
NUE038,LH,aITG,1,-0.0004659137793304,-0.0003484790754779,-0.0004659137793304,-0.0003484790754779,0.5253112033195021,0.5331950207468878,0.5800829875518673,0.6062240663900416,neither,0.6133365452942775,0.6018801767671912,0.3264659953357967,0.1585401448050825,0.0555135615238578,0.0742135401136107,0.0624378109452736,0.1567164179104477,-0.008392792077125,-0.0046956266328828
NUE038,LH,aFus,1,-0.0011219123500813,-0.001692307315347,-0.0011219123500813,-0.001692307315347,0.5317427385892116,0.5039419087136929,0.5800829875518673,0.6062240663900416,neither,1.219876614350288,1.1967528637797085,0.3421346256208941,0.1709197886414715,0.0555135615238578,0.0742135401136107,0.0624378109452736,0.1567164179104477,-0.0202096986625365,-0.0228032150569343
NUE038,LH,aMTG,13,-0.0025962572180781,0.0137017723901136,-0.0001997120936983,0.0010539824915472,0.5831950207468881,0.3495850622406639,0.5831950207468881,0.6062240663900416,neither,11.497645746888695,11.287133799484057,2.7367604856800374,3.797431391084316,0.0555135615238578,0.0742135401136107,0.0624378109452736,0.1567164179104477,-0.0467679814951594,0.1846263144048665
NUE050,PV,pFus,4,0.0444326111298318,0.0198351386673755,0.0111081527824579,0.0049587846668438,0.0868159203980099,0.3201492537313433,0.6707089552238805,0.5201492537313432,neither,7.770635100286752,7.628791558481953,4.11680830449887,1.5088566170507225,0.0715403066021174,0.1037652259837026,0.0681592039800995,0.0800995024875621,0.6210849972582687,0.1911540063574944
NUE050,PV,aITG,4,0.0061850288385402,0.0205340967599178,0.001546257209635,0.0051335241899794,0.3796019900497512,0.3039800995024876,0.6707089552238805,0.5201492537313432,neither,4.908991791113752,4.853629288262605,1.0856774168263654,1.0396422308824516,0.0715403066021174,0.1037652259837026,0.0681592039800995,0.0800995024875621,0.0864551625832309,0.1978899632825256
NUE050,PV,pITG,1,0.0045304950371013,0.0212602733760359,0.0045304950371013,0.0212602733760359,0.4097014925373134,0.3042288557213931,0.6707089552238805,0.5201492537313432,neither,1.9998241857872496,1.9792098331864336,0.5669112093378179,0.5572530080075245,0.0715403066021174,0.1037652259837026,0.0681592039800995,0.0800995024875621,0.0633278672161471,0.2048882289272428
NUE050,PV,parahippocampal,4,0.0032851742564015,0.0032321501311439,0.0008212935641003,0.0008080375327859,0.4447761194029851,0.4624378109452735,0.6707089552238805,0.5201492537313432,neither,5.31552689515916,5.237239515373345,0.9052852206764356,1.252186099982246,0.0715403066021174,0.1037652259837026,0.0681592039800995,0.0800995024875621,0.0459206063327702,0.0311486830053412
NUE050,PV,aFus,3,0.0023576983299191,-0.0013001817630552,0.0007858994433063,-0.0004333939210184,0.4684079601990049,0.5201492537313432,0.6707089552238805,0.5201492537313432,neither,3.67065321875238,3.614978817649154,0.8112529644710679,0.4044593277697808,0.0715403066021174,0.1037652259837026,0.0681592039800995,0.0800995024875621,0.0329562234480181,-0.0125300335515049
NUE050,PV,temporal pole,2,0.0014818468122769,-0.001296620668247,0.0007409234061384,-0.0006483103341235,0.458457711442786,0.514179104477612,0.6707089552238805,0.5201492537313432,neither,2.2067005583175265,2.172220433230525,0.3995379272665032,0.4527437821213602,0.0715403066021174,0.1037652259837026,0.0681592039800995,0.0800995024875621,0.0207134534734173,-0.0124957147826258
NUE050,PV,insula,4,-0.0012353788558612,0.004516133555725,-0.0003088447139653,0.0011290333889312,0.5166666666666667,0.4507462686567163,0.6707089552238805,0.5201492537313432,neither,6.048223081103648,5.960796486486917,0.5752478655709234,0.7233627558501468,0.0715403066021174,0.1037652259837026,0.0681592039800995,0.0800995024875621,-0.0172682913246649,0.043522610902754
NUE050,PV,aMTG,6,-0.0032048218134713,0.0097986003264893,-0.0005341369689118,0.0016331000544148,0.5365671641791044,0.403731343283582,0.6707089552238805,0.5201492537313432,neither,6.716728934272591,6.611272379954447,1.020932836671453,1.9602801984572351,0.0715403066021174,0.1037652259837026,0.0681592039800995,0.0800995024875621,-0.0447974291093754,0.0944304822121075
NUE050,PV,pMTG,4,-0.0071769348513414,0.0050267917929699,-0.0017942337128353,0.0012566979482424,0.6179104477611941,0.4288557213930348,0.6865671641791046,0.5201492537313432,neither,6.401485940711419,6.313410683917054,1.0699721295733686,2.1796538029330303,0.0715403066021174,0.1037652259837026,0.0681592039800995,0.0800995024875621,-0.1003201578553061,0.0484438957783358
NUE050,PV,aSTG,13,-0.0144890271376534,0.0395968281050896,-0.0011145405490502,0.0030459098542376,0.717910447761194,0.2062189054726368,0.717910447761194,0.5201492537313432,neither,21.03053506936608,20.871344734296663,2.130921823203144,6.164598608832266,0.0715403066021174,0.1037652259837026,0.0681592039800995,0.0800995024875621,-0.2025295644626807,0.3816001722128832
NUE031,RB,pFus,5,0.0960690227182626,0.0037106984862402,0.0192138045436525,0.000742139697248,0.0066298342541436,0.4497237569060773,0.0596685082872928,0.5392265193370165,neither,6.027880939955675,6.31104278903568,13.512944002294532,1.8767056737262695,0.1514666446508413,0.1160562825873816,0.0057213930348258,0.1161691542288557,0.6342586048546832,0.0319732667936041
NUE031,RB,pITG,8,0.0258357328083105,0.0250800757223512,0.0032294666010388,0.0031350094652939,0.1994475138121547,0.3146408839779005,0.5758632596685083,0.5392265193370165,neither,9.24192511084286,9.732659289689948,9.975103345943864,3.7789515137343193,0.1514666446508413,0.1160562825873816,0.0057213930348258,0.1161691542288557,0.1705704438615296,0.2161026974430949
NUE031,RB,pMTG,7,0.0200843070795138,0.0083720409432329,0.0028691867256448,0.0011960058490332,0.2353591160220995,0.4132596685082873,0.5758632596685083,0.5392265193370165,neither,6.321113073904242,6.693115884869447,4.055029582320303,1.51543826746788,0.1514666446508413,0.1160562825873816,0.0057213930348258,0.1161691542288557,0.1325988776328406,0.0721377658889718
NUE031,RB,angular,6,0.0035840309499116,0.0655716904457771,0.0005973384916519,0.0109286150742961,0.4837016574585635,0.1298342541436464,0.5758632596685083,0.5392265193370165,neither,7.236077673549664,7.741996055139734,2.0873230968650534,4.578876064446698,0.1514666446508413,0.1160562825873816,0.0057213930348258,0.1161691542288557,0.0236621796051104,0.5649990589385504
NUE031,RB,aMTG,8,0.0011636036346148,0.004254563027272,0.0001454504543268,0.000531820378409,0.511878453038674,0.4339779005524861,0.5758632596685083,0.5392265193370165,neither,5.847393358562696,6.174696885804451,1.2005039366245691,1.5134363244388511,0.1514666446508413,0.1160562825873816,0.0057213930348258,0.1161691542288557,0.007682243422617,0.0366594804901547
NUE031,RB,aITG,1,0.00102196571532,0.0011330150241914,0.00102196571532,0.0011330150241914,0.4839779005524861,0.4806629834254144,0.5758632596685083,0.5392265193370165,neither,0.7466027112888316,0.7866427457979872,0.2067189706136498,0.1113808942402958,0.1514666446508413,0.1160562825873816,0.0057213930348258,0.1161691542288557,0.0067471337843118,0.009762634119686
NUE031,RB,insula,8,0.0006331462781924,0.0012049343260798,7.914328477405392e-05,0.0001506167907599,0.4889502762430939,0.4707182320441988,0.5758632596685083,0.5392265193370165,neither,8.552359378177897,9.048176199920826,3.09619639682653,3.321276106902718,0.1514666446508413,0.1160562825873816,0.0057213930348258,0.1161691542288557,0.0041801036766342,0.0103823274295609
NUE031,RB,aSTG,1,-0.0012796886011987,-0.0054611153294589,-0.0012796886011987,-0.0054611153294589,0.5107734806629833,0.5392265193370165,0.5758632596685083,0.5392265193370165,neither,1.3165504792287197,1.4096814353108584,0.2435159403117272,1.3304127606011968,0.1514666446508413,0.1160562825873816,0.0057213930348258,0.1161691542288557,-0.0084486495633982,-0.0470557492253568
NUE031,RB,temporal pole,2,-0.0063028391277473,-0.0015989406310923,-0.0031514195638736,-0.0007994703155461,0.6215469613259668,0.5077348066298343,0.6215469613259668,0.5392265193370165,neither,1.6101123734351357,1.695354515459106,0.2657686902948587,0.7860694964281703,0.1514666446508413,0.1160562825873816,0.0057213930348258,0.1161691542288557,-0.0416120601487975,-0.0137772862911444
NUE051,SE,temporal pole,12,0.0079710684257022,-0.0007021327986885,0.0006642557021418,-5.85110665573781e-05,0.354524886877828,0.5294117647058825,0.547737556561086,0.57420814479638,neither,11.39109876930007,11.31981605570181,3.814845682616456,2.3777437150138945,0.0414682468962312,0.0471282801091237,0.1124378109452736,0.2601990049751244,0.1922210129993863,-0.0148983327433713
NUE051,SE,cingulate,8,0.0074695171827971,0.012780070670357,0.0009336896478496,0.0015975088337946,0.3294117647058824,0.3780542986425338,0.547737556561086,0.57420814479638,neither,9.73373428067743,9.691697298257877,2.267295107907909,2.6475339371550364,0.0414682468962312,0.0471282801091237,0.1124378109452736,0.2601990049751244,0.1801261867059068,0.2711762585175032
NUE051,SE,supramarginal,3,0.0056816934341482,0.0016714012395126,0.0018938978113827,0.0005571337465042,0.368552036199095,0.4911764705882352,0.547737556561086,0.57420814479638,neither,2.996446879250531,2.971735218295472,1.2808946403965042,0.5009844077044571,0.0414682468962312,0.0471282801091237,0.1124378109452736,0.2601990049751244,0.1370131090510263,0.0354649317913282
NUE051,SE,aFus,3,0.0042279151687968,0.0068139614656642,0.0014093050562656,0.0022713204885547,0.3959276018099548,0.435972850678733,0.547737556561086,0.57420814479638,neither,3.551082104515099,3.5307507786592325,1.864162715787715,1.490796466036138,0.0414682468962312,0.0471282801091237,0.1124378109452736,0.2601990049751244,0.1019554836590184,0.1445832831133827
NUE051,SE,parahippocampal,6,0.0041999050562565,0.0061772351673667,0.0006999841760427,0.0010295391945611,0.4036199095022625,0.45,0.547737556561086,0.57420814479638,neither,6.531746200741938,6.490228806763996,2.1357516781170194,1.4704509623701094,0.0414682468962312,0.0471282801091237,0.1124378109452736,0.2601990049751244,0.1012800243706038,0.1310727901180264
NUE051,SE,entorhinal,5,0.0014177137130775,-0.000376798489608,0.0002835427426155,-7.535969792161867e-05,0.4622171945701357,0.5027149321266967,0.547737556561086,0.57420814479638,neither,5.225041820173394,5.194956749330275,1.692947299500161,1.322371819319047,0.0414682468962312,0.0471282801091237,0.1124378109452736,0.2601990049751244,0.0341879346051242,-0.0079951674182811
NUE051,SE,aSTG,1,-0.0008866470886934,0.0023228907530378,-0.0008866470886934,0.0023228907530378,0.5237556561085972,0.4776018099547512,0.547737556561086,0.57420814479638,neither,0.9859651786371116,0.9787826996037914,0.0708602395259797,0.4004412086049447,0.0414682468962312,0.0471282801091237,0.1124378109452736,0.2601990049751244,-0.0213813497086612,0.0492886807593919
NUE051,SE,aMTG,15,-0.000959011728907,0.0015608875701754,-6.393411526046806e-05,0.000104059171345,0.5319004524886877,0.4864253393665159,0.547737556561086,0.57420814479638,neither,12.505449162954283,12.449688565960246,2.518050937907873,4.822702260620159,0.0414682468962312,0.0471282801091237,0.1124378109452736,0.2601990049751244,-0.0231264111865355,0.0331199773588449
NUE051,SE,aITG,2,-0.0012546425758376,0.0021877017676166,-0.0006273212879188,0.0010938508838083,0.5341628959276017,0.4871040723981901,0.547737556561086,0.57420814479638,neither,1.92604313346434,1.9079053815592544,0.0886961262335781,0.5944559866266634,0.0414682468962312,0.0471282801091237,0.1124378109452736,0.2601990049751244,-0.0302555007685098,0.0464201486358316
NUE051,SE,pMTG,3,-0.0016098555213866,-0.0057926179284538,-0.0005366185071288,-0.0019308726428179,0.547737556561086,0.5708144796380091,0.547737556561086,0.57420814479638,neither,3.086704933147098,3.062443366568281,0.6191631706977814,0.4604953004795458,0.0414682468962312,0.0471282801091237,0.1124378109452736,0.2601990049751244,-0.038821402925836,-0.1229117191427581
NUE051,SE,insula,4,-0.0016308019958457,-0.0064740263821146,-0.0004077004989614,-0.0016185065955286,0.5357466063348417,0.57420814479638,0.547737556561086,0.57420814479638,neither,4.618123299905995,4.595724631973936,0.7273484347220465,1.119516341978195,0.0414682468962312,0.0471282801091237,0.1124378109452736,0.2601990049751244,-0.0393265237357779,-0.1373703085944206
NUE036,WBH,insula,9,0.013788108677884,0.0107502950959861,0.0015320120753204,0.0011944772328873,0.1705882352941176,0.37420814479638,0.4619004524886878,0.5934389140271493,neither,11.445860641467103,11.572863036266988,2.4639262511860043,2.0935646239742893,0.0978565921426097,0.06996196883528,0.0049751243781094,0.1126865671641791,0.1409011736050457,0.1536591275939777
NUE036,WBH,aSTG,8,0.0080734893896763,-0.0021394038005912,0.0010091861737095,-0.0002674254750739,0.269683257918552,0.5463800904977376,0.4619004524886878,0.5934389140271493,neither,9.63501032375433,9.744845481370144,2.5951424222300483,1.2396268271411972,0.0978565921426097,0.06996196883528,0.0049751243781094,0.1126865671641791,0.0825032755883283,-0.030579525365107
NUE036,WBH,aFus,3,0.0064642590474679,0.0011047416781953,0.0021547530158226,0.0003682472260651,0.3006787330316741,0.4911764705882351,0.4619004524886878,0.5934389140271493,neither,3.53143255295974,3.569087355239881,1.4103527468951786,0.7578246327670869,0.0978565921426097,0.06996196883528,0.0049751243781094,0.1126865671641791,0.0660584934129671,0.015790603046012
NUE036,WBH,pMTG,5,0.0048685867399574,-0.0005484877868957,0.0009737173479914,-0.0001096975573791,0.3694570135746606,0.5009049773755657,0.4619004524886878,0.5934389140271493,neither,6.041687891582019,6.112148048530761,1.7925398796471277,0.8394230895746457,0.0978565921426097,0.06996196883528,0.0049751243781094,0.1126865671641791,0.0497522612770157,-0.0078397991941473
NUE036,WBH,cingulate,6,0.0048221342968248,0.0037360924595191,0.0008036890494708,0.0006226820765865,0.3527149321266968,0.4834841628959275,0.4619004524886878,0.5934389140271493,neither,7.750112001751761,7.839897685364389,1.3506757723653509,1.2489563459135056,0.0978565921426097,0.06996196883528,0.0049751243781094,0.1126865671641791,0.049277562106367,0.0534017627250522
NUE036,WBH,aITG,2,0.0045404921791452,0.0092321490148521,0.0022702460895726,0.004616074507426,0.3680995475113122,0.3909502262443438,0.4619004524886878,0.5934389140271493,neither,2.6983494247668216,2.7303815322460907,0.8238593681098676,0.4098593027886263,0.0978565921426097,0.06996196883528,0.0049751243781094,0.1126865671641791,0.046399451275886,0.131959536996286
NUE036,WBH,aMTG,5,0.0038981688339092,-2.7373938935648656e-05,0.0007796337667818,-5.474787787129731e-06,0.4128959276018099,0.4855203619909503,0.4619004524886878,0.5934389140271493,neither,5.723065857208017,5.788826513698938,1.24543833211212,1.3987248789986202,0.0978565921426097,0.06996196883528,0.0049751243781094,0.1126865671641791,0.0398355261363313,-0.0003912688477949
NUE036,WBH,temporal pole,2,0.0023273489242246,-0.0058198263748779,0.0011636744621123,-0.0029099131874389,0.4002262443438914,0.5934389140271493,0.4619004524886878,0.5934389140271493,neither,1.7276595316453875,1.7483121146642655,0.4077205780355641,0.2275181409890499,0.0978565921426097,0.06996196883528,0.0049751243781094,0.1126865671641791,0.0237832615388131,-0.0831855717008227
NUE036,WBH,parahippocampal,1,0.0020323267878402,-0.0030611048647712,0.0020323267878402,-0.0030611048647712,0.4199095022624434,0.5561085972850679,0.4619004524886878,0.5934389140271493,neither,1.0478009220780908,1.0589815896928152,0.4797917775594322,0.0274175609477765,0.0978565921426097,0.06996196883528,0.0049751243781094,0.1126865671641791,0.0207684198206952,-0.0437538410615398
NUE036,WBH,pSTG,1,-0.0003249440876055,-0.0009276150050417,-0.0003249440876055,-0.0009276150050417,0.5063348416289593,0.5203619909502263,0.5063348416289593,0.5934389140271493,neither,0.9555599459596392,0.9657668729166398,0.0507729820190935,0.1476987826673239,0.0978565921426097,0.06996196883528,0.0049751243781094,0.1126865671641791,-0.0033206152032355,-0.0132588464916673
NUE036,WBH,supramarginal,8,0.0690890824919023,0.0462800637902562,0.0086361353114877,0.005785007973782,0.004524886877828,0.1309954751131221,0.0497737556561085,0.5934389140271493,picture_only,11.072719012098542,11.19978765268631,6.6301059657722,2.835893103863224,0.0978565921426097,0.06996196883528,0.0049751243781094,0.1126865671641791,0.7060237944033089,0.6615031646582024
