metric,bin_index,time_s,diff,p_one,q,significant
r2,0,-0.5,0.002064396916909312,0.0016699856207578686,,False
r2,1,-0.4,4.9988669633426525e-05,0.4730794288589426,,False
r2,2,-0.3,0.00045112826202015847,0.29563565621902366,,False
r2,3,-0.2,-0.0006123639158148219,0.7067291023103907,,False
r2,4,-0.1,-0.0016265975600026975,0.9159331457281428,,False
r2,5,0.0,-0.0003273115297477923,0.5964130115259948,0.6545996467968236,False
r2,6,0.1,-3.4021767300963495e-05,0.5100676672537734,0.5885396160620462,False
r2,7,0.2,-0.000564248656258066,0.6905392243006253,0.7226573277564683,False
r2,8,0.3,-0.0007832974526913972,0.752816684184379,0.7699261542794785,False
r2,9,0.4,-0.0003221480488856437,0.6130602725256817,0.6568502919918019,False
r2,10,0.5,-7.266158250503642e-05,0.5270205808317678,0.5928981534357388,False
r2,11,0.6,-0.0009440273462434281,0.8190636566415973,0.8190636566415973,False
r2,12,0.7,0.004164568797586092,0.004253737690657649,0.006174780518696587,True
r2,13,0.8,0.009786005962028194,1.4574841456929098e-07,3.6437103642322745e-07,True
r2,14,0.9,0.01322718504077564,2.1348210251558414e-13,1.372384944743041e-12,True
r2,15,1.0,0.01592120193619122,3.754650886309004e-14,2.815988164731753e-13,True
r2,16,1.1,0.017690836291252572,3.33131074462371e-23,3.7477245877016735e-22,True
r2,17,1.2,0.01753826572587015,2.511752133258876e-24,3.767628199888314e-23,True
r2,18,1.3,0.01624334003466527,1.4896674683404262e-38,6.703503607531918e-37,True
r2,19,1.4,0.014365387276790318,1.1691336252584273e-24,2.6305506568314613e-23,True
r2,20,1.5,0.011481520297451756,1.634445599347917e-14,1.4710010394131254e-13,True
r2,21,1.6,0.010021608698300195,1.143429900263273e-11,6.43179318898091e-11,True
r2,22,1.7,0.008766988222355122,1.3691392308622201e-07,3.624192081694112e-07,True
r2,23,1.8,0.008585323515145717,6.45155921059923e-08,1.935467763179769e-07,True
r2,24,1.9,0.008075440159471222,4.117458713393673e-06,8.422074641032514e-06,True
r2,25,2.0,0.006440764811586516,1.4767719523101414e-06,3.3227368926978183e-06,True
r2,26,2.1,0.005797485502040098,0.0005592922306806197,0.0009680057838703034,True
r2,27,2.2,0.006495166659947488,2.454602296868133e-06,5.2598620647174274e-06,True
r2,28,2.3,0.006428139970800999,1.8594548178924646e-08,5.976819057511493e-08,True
r2,29,2.4,0.006376605494334324,2.0255155339820374e-10,1.0127577669910186e-09,True
r2,30,2.5,0.007912425508591064,8.841624344781198e-08,2.4867068469697117e-07,True
r2,31,2.6,0.008974776649344225,2.4717630231676294e-09,9.269111336878611e-09,True
r2,32,2.7,0.008097252105397698,1.4467965533771972e-09,5.918713172906716e-09,True
r2,33,2.8,0.007390748087143113,6.5597202677727065e-09,2.2706724003828603e-08,True
r2,34,2.9,0.0067589509134536666,2.3970319976657733e-10,1.0786643989495981e-09,True
r2,35,3.0,0.005662450716240464,4.30380483066704e-07,1.0193221967369305e-06,True
r2,36,3.1,0.0034690863852290576,0.0003991194528007777,0.0007184150150413998,True
r2,37,3.2,0.00372659455356291,0.0018511815209694077,0.003085302534949013,True
r2,38,3.3,0.003331050491189503,0.004039166057176657,0.006058749085764986,True
r2,39,3.4,0.002416729708222259,0.019395020746410387,0.02424377593301298,True
r2,40,3.5,0.003203414148081174,0.0001509340820850589,0.00028300140390948546,True
r2,41,3.6,0.004206959574054995,4.949370801780379e-05,9.683551568700742e-05,True
r2,42,3.7,0.0024003969257269313,0.03678299238432765,0.04473607181877687,True
r2,43,3.8,0.0032683912059635147,0.008927191764719766,0.011477817983211127,True
r2,44,3.9,0.002518805115934853,0.0641160213392652,0.07592686737544563,False
r2,45,4.0,0.0027173053266830193,0.006520745215047185,0.008891925293246162,True
r2,46,4.1,0.003996727782275771,0.00220858954629728,0.003549518913692057,True
r2,47,4.2,0.0046090817914350955,0.0036795856210159144,0.0057097018257143495,True
r2,48,4.3,0.0040272925843842875,0.005686359327917728,0.007996442804884304,True
r2,49,4.4,0.0039402436416336225,0.008060674206753486,0.010668539391291379,True
cosine,0,-0.5,-0.0002591014419797306,0.598117406274733,,False
cosine,1,-0.4,-0.003765025808036223,0.9662563761533379,,False
cosine,2,-0.3,-0.0005100513548967751,0.5930411237956806,,False
cosine,3,-0.2,-0.0003437313810022209,0.5512886115985336,,False
cosine,4,-0.1,-0.0010617802534670926,0.6385002188644312,,False
cosine,5,0.0,-0.001392977835679375,0.673018979766141,0.688314865669917,False
cosine,6,0.1,0.0008636433098055789,0.40150368625576505,0.4516916470377357,False
cosine,7,0.2,-0.0006867868786834678,0.598690127530775,0.6265361799740669,False
cosine,8,0.3,-3.0929119500803575e-05,0.5051934692971132,0.5544806370334169,False
cosine,9,0.4,-8.171487741836759e-05,0.519311114948672,0.5564047660164343,False
cosine,10,0.5,0.0011995072505598928,0.27890794868679714,0.3218168638693813,False
cosine,11,0.6,-0.001526827312141318,0.8019455899690476,0.8019455899690476,False
cosine,12,0.7,0.0033591130819622113,0.08618335373887015,0.10772919217358769,False
cosine,13,0.8,0.010845757651303257,9.511674079038543e-05,0.00025177960797454965,True
cosine,14,0.9,0.01654318299127836,6.20049690730163e-09,3.986033726122476e-08,True
cosine,15,1.0,0.019929792882580684,3.110606301385668e-09,2.3329547260392512e-08,True
cosine,16,1.1,0.022284756603050217,1.781459191784837e-11,2.0041415907579413e-10,True
cosine,17,1.2,0.022181060351809414,1.478076937530289e-14,2.6653762778684553e-13,True
cosine,18,1.3,0.020382244017330037,6.770791163863235e-16,3.0468560237384556e-14,True
cosine,19,1.4,0.01841392695849709,1.7769175185789702e-14,2.6653762778684553e-13,True
cosine,20,1.5,0.015235574394945299,5.271103350547521e-10,4.743993015492769e-09,True
cosine,21,1.6,0.013113675464648615,5.132278935198644e-07,2.8869069010492374e-06,True
cosine,22,1.7,0.011254504659812243,3.304861031123324e-05,9.914583093369972e-05,True
cosine,23,1.8,0.009807369230176619,2.3105902422464317e-05,7.426897207220673e-05,True
cosine,24,1.9,0.009192384237497988,0.0006027239100167788,0.0014275039974081603,True
cosine,25,2.0,0.00850197121514021,0.002463516338911822,0.004819923271784,True
cosine,26,2.1,0.0060981416670628725,0.02762266172168107,0.04384255316664168,True
cosine,27,2.2,0.0066005498451222186,0.006821198190257488,0.012278156742463478,True
cosine,28,2.3,0.007150939776880326,0.0016576279477315086,0.003390602620359904,True
cosine,29,2.4,0.006834526319779752,0.0006371615854262962,0.0014336135672091666,True
cosine,30,2.5,0.008607044847174686,0.0007706643819286613,0.001651423675561417,True
cosine,31,2.6,0.011711094755117146,3.958032225654146e-06,1.619195001403969e-05,True
cosine,32,2.7,0.010438336725110502,5.862237431083368e-06,2.198339036656263e-05,True
cosine,33,2.8,0.010052156834392393,1.4712906011253933e-05,5.0929290038955926e-05,True
cosine,34,2.9,0.009522837871455633,1.7498463204105554e-06,7.8743084418475e-06,True
cosine,35,3.0,0.007549932691185168,4.619126250254128e-05,0.00012991292578839734,True
cosine,36,3.1,0.004118676668594278,0.02004949518739685,0.03427899147874674,True
cosine,37,3.2,0.004612921564927518,0.03510698578496973,0.049369198760113676,True
cosine,38,3.3,0.004739366715310496,0.02966521880870285,0.04449782821305428,True
cosine,39,3.4,0.004823073976377897,0.005744645563647819,0.010771210431839661,True
cosine,40,3.5,0.006293604336862879,1.6840520016002623e-06,7.8743084418475e-06,True
cosine,41,3.6,0.006878584011040267,0.0003541713244662863,0.0008854283111657158,True
cosine,42,3.7,0.004407732172552628,0.02056739488724804,0.03427899147874674,True
cosine,43,3.8,0.0035832191614225857,0.1066904978163557,0.12975871356043261,False
cosine,44,3.9,0.0021536813532587315,0.23898476005795743,0.2830082684896864,False
cosine,45,4.0,0.003673341762660426,0.048966708880269647,0.06480887940035689,False
cosine,46,4.1,0.004580512114338704,0.032066402252218025,0.04654800326934875,True
cosine,47,4.2,0.004597772370744765,0.03946570842788437,0.05381687512893323,False
cosine,48,4.3,0.004204439440338181,0.057890138359173324,0.0744301778903657,False
cosine,49,4.4,0.0051314030396114605,0.028254089818502418,0.04384255316664168,True
word,0,-0.5,0.0012605816992501998,0.03280479555778634,,False
word,1,-0.4,-0.0006857414390327038,0.7552640628396792,,False
word,2,-0.3,0.0005952273899173538,0.2303410407786664,,False
word,3,-0.2,0.00019889999357121076,0.42197727782481004,,False
word,4,-0.1,-0.0005084114603594962,0.745677539152083,,False
word,5,0.0,-0.0007616906787780997,0.912222229770904,0.9558989924171986,False
word,6,0.1,-0.00035785070835349646,0.7169354405310634,0.8065523705974463,False
word,7,0.2,-0.0014995129617586637,0.9271479789895831,0.9558989924171986,False
word,8,0.3,-0.001488324037580139,0.9965728912711936,0.9965728912711936,False
word,9,0.4,2.0369209858221876e-05,0.486795395792009,0.6258797945897259,False
word,10,0.5,-0.0007276808588011895,0.9346567925857052,0.9558989924171986,False
word,11,0.6,-0.0009261082128839712,0.8918714482446477,0.9558989924171986,False
word,12,0.7,-0.00020738308251790394,0.6261838908945738,0.7415335550067321,False
word,13,0.8,0.0003717091299990819,0.35486610114797346,0.5045052414787626,False
word,14,0.9,0.0011199242280765327,0.12042611405077563,0.31877500778146495,False
word,15,1.0,0.0007716224679046639,0.20807254760253685,0.4210248845180117,False
word,16,1.1,0.0005230226997407188,0.35474327496057834,0.5045052414787626,False
word,17,1.2,0.0004724982422618113,0.35875928282934233,0.5045052414787626,False
word,18,1.3,0.0008985730470571085,0.1915890746414607,0.4210248845180117,False
word,19,1.4,0.000787903232585807,0.2310153677867428,0.4303644203095512,False
word,20,1.5,0.0003506877417241185,0.34187305978397975,0.5045052414787626,False
word,21,1.6,-2.3821601872240053e-05,0.5096844155892775,0.6371055194865968,False
word,22,1.7,0.0005101548943486202,0.3105218240010199,0.49905293143021057,False
word,23,1.8,0.0005196528149173791,0.23909134461641735,0.4303644203095512,False
word,24,1.9,0.0009202861917770316,0.11097185747934035,0.3121083491606447,False
word,25,2.0,0.001632902212653275,0.0075476461741479425,0.09618122355571011,False
word,26,2.1,0.00017831634536425372,0.43450441913502613,0.5879076750062499,False
word,27,2.2,0.0008449455453021741,0.2784635520315927,0.4641059200526545,False
word,28,2.3,0.0017124853702700864,0.0383568981560625,0.19178449078031248,False
word,29,2.4,0.0009371632702269356,0.06444022357886021,0.289981006104871,False
word,30,2.5,0.0016137138984776858,0.014388873299185062,0.09618122355571011,False
word,31,2.6,0.002382807739813,0.01758059652324025,0.0988908554432264,False
word,32,2.7,0.0021244706799573147,0.012149530472682264,0.09618122355571011,False
word,33,2.8,0.0014231567674471036,0.07422835659357582,0.2999637838891408,False
word,34,2.9,0.0015063032264114036,0.014961523664221574,0.09618122355571011,False
word,35,3.0,0.001530284037997914,0.002057544066851156,0.06394527857918507,False
word,36,3.1,0.001038595605248171,0.08865213319882742,0.2999637838891408,False
word,37,3.2,0.001193563295867561,0.1028818662812998,0.3086455988438994,False
word,38,3.3,0.002121402673363086,0.002842012381297114,0.06394527857918507,False
word,39,3.4,0.0011044647761386717,0.08027506515980337,0.2999637838891408,False
word,40,3.5,0.00018349805519713228,0.4441969100047221,0.5879076750062499,False
word,41,3.6,0.0005036087971317716,0.25880516365492245,0.44793201401813504,False
word,42,3.7,0.0006520426400975287,0.2151904965314282,0.4210248845180117,False
word,43,3.8,0.0016745922583042106,0.011478930331997752,0.09618122355571011,False
word,44,3.9,-0.0005072888081648178,0.6703830046529269,0.7735188515226079,False
word,45,4.0,-0.00028545894435951815,0.6146959640685661,0.7415335550067321,False
word,46,4.1,0.00105481430198135,0.13614509566137717,0.3403627391534429,False
word,47,4.2,0.0008485917313615892,0.1971094931095616,0.4210248845180117,False
word,48,4.3,0.000768644297644839,0.17479641146773328,0.41399150084463143,False
word,49,4.4,0.0008551365799095116,0.0933220660988438,0.2999637838891408,False
category,0,-0.5,0.0031188001294778314,0.13826251378958493,,False
category,1,-0.4,-0.0016720397116437556,0.7592441080582502,,False
category,2,-0.3,0.0024729083497546022,0.13914718922563019,,False
category,3,-0.2,0.0009174409608155813,0.3197856288985935,,False
category,4,-0.1,-0.0007636657998809201,0.6686245519137621,,False
category,5,0.0,0.0003872959499109513,0.44025356625009004,0.5354435265203799,False
category,6,0.1,0.0004611326742549961,0.42651921244146573,0.5331490155518321,False
category,7,0.2,-0.002143754082214576,0.7927258388231194,0.8493491130247708,False
category,8,0.3,-0.003942122961468015,0.9741188613903962,0.9741188613903962,False
category,9,0.4,-0.0031123657084728765,0.935614391516839,0.9568783549604035,False
category,10,0.5,-0.002028116542566835,0.790246870001643,0.8493491130247708,False
category,11,0.6,-0.004830986005486661,0.9265742762535453,0.9568783549604035,False
category,12,0.7,-0.00037815774732402114,0.5719444234673108,0.6773026067376049,False
category,13,0.8,-0.0010089343253109528,0.616442475882003,0.6934977853672534,False
category,14,0.9,0.0068902516185379925,0.00981239891261821,0.061626434628188245,False
category,15,1.0,0.007228664373322985,0.0029438025692676496,0.033117778904261055,True
category,16,1.1,0.008788140612466503,0.005982963494962031,0.05336195951941863,False
category,17,1.2,0.009143754698359968,0.0012315038206599355,0.025108468353150244,True
category,18,1.3,0.0028003623686377152,0.16672094016746175,0.23749622773221962,False
category,19,1.4,0.003940577921111811,0.15073463745022736,0.23389857535380107,False
category,20,1.5,0.0051216254076058365,0.08149164074319332,0.16528478500033997,False
category,21,1.6,0.0047259441936840655,0.0109558106005668,0.061626434628188245,False
category,22,1.7,0.004624009083140096,0.08490635756134851,0.16528478500033997,False
category,23,1.8,0.002238218346382285,0.17416390033696105,0.23749622773221962,False
category,24,1.9,0.004661111944397055,0.039017855323177746,0.09754463830794435,False
category,25,2.0,0.003752253559018071,0.14273615034261034,0.23389857535380107,False
category,26,2.1,0.0044110181725255425,0.12034474514364729,0.2166205412585651,False
category,27,2.2,0.0025704334257559574,0.16742904701907668,0.23749622773221962,False
category,28,2.3,0.0033511629531268977,0.08776926504423999,0.16528478500033997,False
category,29,2.4,0.001921934510224933,0.14810362054204695,0.23389857535380107,False
category,30,2.5,0.004108461543579517,0.06335228349426257,0.15004488196009555,False
category,31,2.6,0.0055375540763627,0.0139977192092467,0.0641021020101749,False
category,32,2.7,0.0060756376176656504,0.0212721966368554,0.07977073738820775,False
category,33,2.8,0.006504848592616135,0.027064503068581384,0.08699304557758301,False
category,34,2.9,0.005551048516387903,0.037135817144243355,0.09754463830794435,False
category,35,3.0,0.003351631221901602,0.07358052389443687,0.16528478500033997,False
category,36,3.1,0.003985859791097088,0.007114927935922484,0.05336195951941863,False
category,37,3.2,0.003122616636644434,0.08815188533351465,0.16528478500033997,False
category,38,3.3,0.0029943142519356677,0.1279679680066248,0.22148302154992755,False
category,39,3.4,0.0036266324476630224,0.017224193975234052,0.07046261171686657,False
category,40,3.5,0.004595869107412524,0.014244911557816643,0.0641021020101749,False
category,41,3.6,0.00702836664322917,9.924024251658916e-05,0.004465810913246512,True
category,42,3.7,0.0037824933856408227,0.03638021389375581,0.09754463830794435,False
category,43,3.8,0.0015857975294484522,0.19322918709701253,0.2557445123342813,False
category,44,3.9,0.0005075145825094936,0.38341922611493134,0.49296757643348316,False
category,45,4.0,0.0037812760673459267,0.023533428573273275,0.08146186813825365,False
category,46,4.1,-0.00038433658025450264,0.5987238766472854,0.6908352422853293,False
category,47,4.2,0.0010676490181023611,0.1723409556751052,0.23749622773221962,False
category,48,4.3,0.004488462695554519,0.0016738978902100163,0.025108468353150244,True
category,49,4.4,0.0027606741552677412,0.036771306653243296,0.09754463830794435,False
